-- ============================================================
-- DML - Sistema de Gestão Universitária
-- ============================================================

-- ============================================================
-- ENUMS / TIPOS (já criados no DDL, apenas comentário)
-- ============================================================

-- ============================================================
-- 1. DEPARTAMENTOS
-- ============================================================
INSERT INTO departamento (id, nome, sigla) VALUES
  ('d1000000-0000-0000-0000-000000000001', 'Ciência da Computação',           'DCC'),
  ('d1000000-0000-0000-0000-000000000002', 'Engenharia Elétrica',             'DEE'),
  ('d1000000-0000-0000-0000-000000000003', 'Administração',                   'DAD'),
  ('d1000000-0000-0000-0000-000000000004', 'Matemática',                      'DMA'),
  ('d1000000-0000-0000-0000-000000000005', 'Recursos Humanos e Financeiro',   'DRH');

-- ============================================================
-- 2. USUÁRIOS (senha_hash = bcrypt de "Senha@123")
-- ============================================================
INSERT INTO usuario (id, nome, email, senha_hash, telefone, endereco, ativo) VALUES
  -- Discentes
  ('a0000000-0000-0000-0000-000000000001', 'Ana Lima',           'ana.lima@uni.edu.br',       '$2b$12$KIXwX5e7rQ1QHpTqA7C8iuJ5sKw8V0oR2mN3pL6T4wE9dXvZ0oU7y', '11987654321', 'Rua das Flores, 10, São Paulo/SP',    true),
  ('a0000000-0000-0000-0000-000000000002', 'Bruno Souza',        'bruno.souza@uni.edu.br',    '$2b$12$KIXwX5e7rQ1QHpTqA7C8iuJ5sKw8V0oR2mN3pL6T4wE9dXvZ0oU7y', '11976543210', 'Av. Paulista, 200, São Paulo/SP',      true),
  ('a0000000-0000-0000-0000-000000000003', 'Carla Mendes',       'carla.mendes@uni.edu.br',   '$2b$12$KIXwX5e7rQ1QHpTqA7C8iuJ5sKw8V0oR2mN3pL6T4wE9dXvZ0oU7y', '11965432109', 'Rua Augusta, 50, São Paulo/SP',        true),
  ('a0000000-0000-0000-0000-000000000004', 'Diego Ferreira',     'diego.ferreira@uni.edu.br', '$2b$12$KIXwX5e7rQ1QHpTqA7C8iuJ5sKw8V0oR2mN3pL6T4wE9dXvZ0oU7y', '11954321098', 'Rua Oscar Freire, 80, São Paulo/SP',   false),
  -- Docentes
  ('a0000000-0000-0000-0000-000000000005', 'Prof. Eduardo Rocha','eduardo.rocha@uni.edu.br',  '$2b$12$KIXwX5e7rQ1QHpTqA7C8iuJ5sKw8V0oR2mN3pL6T4wE9dXvZ0oU7y', '11943210987', 'Rua Consolação, 300, São Paulo/SP',    true),
  ('a0000000-0000-0000-0000-000000000006', 'Profa. Fernanda Cruz','fernanda.cruz@uni.edu.br', '$2b$12$KIXwX5e7rQ1QHpTqA7C8iuJ5sKw8V0oR2mN3pL6T4wE9dXvZ0oU7y', '11932109876', 'Av. Brasil, 450, Campinas/SP',         true),
  -- Funcionários
  ('a0000000-0000-0000-0000-000000000007', 'Gabriel Santos',     'gabriel.santos@uni.edu.br', '$2b$12$KIXwX5e7rQ1QHpTqA7C8iuJ5sKw8V0oR2mN3pL6T4wE9dXvZ0oU7y', '11921098765', 'Rua Bela Cintra, 22, São Paulo/SP',    true),
  -- Administradores
  ('a0000000-0000-0000-0000-000000000008', 'Helena Vieira',      'helena.vieira@uni.edu.br',  '$2b$12$KIXwX5e7rQ1QHpTqA7C8iuJ5sKw8V0oR2mN3pL6T4wE9dXvZ0oU7y', '11910987654', 'Rua Haddock Lobo, 5, São Paulo/SP',    true),
  -- Fornecedores
  ('a0000000-0000-0000-0000-000000000009', 'TechSupri LTDA',     'contato@techsupri.com.br',  '$2b$12$KIXwX5e7rQ1QHpTqA7C8iuJ5sKw8V0oR2mN3pL6T4wE9dXvZ0oU7y', '11909876543', 'Rua Industrial, 1000, Santo André/SP', true),
  ('a0000000-0000-0000-0000-000000000010', 'Papelaria Nobre ME', 'nobre@papelaria.com.br',    '$2b$12$KIXwX5e7rQ1QHpTqA7C8iuJ5sKw8V0oR2mN3pL6T4wE9dXvZ0oU7y', '11998765432', 'Av. do Estado, 600, São Paulo/SP',     true);

-- ============================================================
-- 3. FUNÇÕES (papéis)
-- ============================================================
INSERT INTO funcao (id, nome) VALUES
  ('f0000000-0000-0000-0000-000000000001', 'discente'),
  ('f0000000-0000-0000-0000-000000000002', 'docente'),
  ('f0000000-0000-0000-0000-000000000003', 'funcionario'),
  ('f0000000-0000-0000-0000-000000000004', 'administrador'),
  ('f0000000-0000-0000-0000-000000000005', 'fornecedor');

-- ============================================================
-- 4. VÍNCULO USUÁRIO ↔ FUNÇÃO
-- ============================================================
INSERT INTO funcao_usuario (usuario_id, funcao_id) VALUES
  ('a0000000-0000-0000-0000-000000000001', 'f0000000-0000-0000-0000-000000000001'),
  ('a0000000-0000-0000-0000-000000000002', 'f0000000-0000-0000-0000-000000000001'),
  ('a0000000-0000-0000-0000-000000000003', 'f0000000-0000-0000-0000-000000000001'),
  ('a0000000-0000-0000-0000-000000000004', 'f0000000-0000-0000-0000-000000000001'),
  ('a0000000-0000-0000-0000-000000000005', 'f0000000-0000-0000-0000-000000000002'),
  ('a0000000-0000-0000-0000-000000000006', 'f0000000-0000-0000-0000-000000000002'),
  ('a0000000-0000-0000-0000-000000000007', 'f0000000-0000-0000-0000-000000000003'),
  ('a0000000-0000-0000-0000-000000000008', 'f0000000-0000-0000-0000-000000000004'),
  ('a0000000-0000-0000-0000-000000000009', 'f0000000-0000-0000-0000-000000000005'),
  ('a0000000-0000-0000-0000-000000000010', 'f0000000-0000-0000-0000-000000000005');

-- ============================================================
-- 5. PERMISSÕES
-- ============================================================
INSERT INTO permissao (id, nome, descricao) VALUES
  ('pe000000-0000-0000-0000-000000000001', 'gerenciar_usuarios',      'Criar, editar e desativar usuários do sistema'),
  ('pe000000-0000-0000-0000-000000000002', 'gerenciar_financas',      'Aprovar pedidos e visualizar relatórios financeiros'),
  ('pe000000-0000-0000-0000-000000000003', 'gerenciar_departamentos', 'Criar e editar departamentos e cursos'),
  ('pe000000-0000-0000-0000-000000000004', 'lancar_notas',            'Lançar e editar notas de disciplinas'),
  ('pe000000-0000-0000-0000-000000000005', 'visualizar_relatorios',   'Acessar relatórios acadêmicos e financeiros');

-- ============================================================
-- 6. VÍNCULO FUNÇÃO ↔ PERMISSÃO
-- ============================================================
INSERT INTO funcao_permissao (funcao_id, permissao_id) VALUES
  ('f0000000-0000-0000-0000-000000000004', 'pe000000-0000-0000-0000-000000000001'),
  ('f0000000-0000-0000-0000-000000000004', 'pe000000-0000-0000-0000-000000000002'),
  ('f0000000-0000-0000-0000-000000000004', 'pe000000-0000-0000-0000-000000000003'),
  ('f0000000-0000-0000-0000-000000000004', 'pe000000-0000-0000-0000-000000000005'),
  ('f0000000-0000-0000-0000-000000000002', 'pe000000-0000-0000-0000-000000000004'),
  ('f0000000-0000-0000-0000-000000000002', 'pe000000-0000-0000-0000-000000000005'),
  ('f0000000-0000-0000-0000-000000000003', 'pe000000-0000-0000-0000-000000000005');

-- ============================================================
-- 7. ADMINISTRADOR
-- ============================================================
INSERT INTO administrador (id, usuario_id, nivel, pode_gerenciar_usuarios, pode_gerenciar_financas, pode_gerenciar_departamentos) VALUES
  ('adm00000-0000-0000-0000-000000000001', 'a0000000-0000-0000-0000-000000000008', 'superadmin', true, true, true);

-- ============================================================
-- 8. CURSOS
-- ============================================================
INSERT INTO curso (id, nome, departamento_id, codigo, carga_horaria, ativo) VALUES
  ('c0000000-0000-0000-0000-000000000001', 'Bacharelado em Ciência da Computação', 'd1000000-0000-0000-0000-000000000001', 'BCC001', 3200, true),
  ('c0000000-0000-0000-0000-000000000002', 'Engenharia Elétrica',                  'd1000000-0000-0000-0000-000000000002', 'EEL001', 3600, true),
  ('c0000000-0000-0000-0000-000000000003', 'Administração de Empresas',            'd1000000-0000-0000-0000-000000000003', 'ADM001', 3000, true);

-- ============================================================
-- 9. DOCENTES
-- ============================================================
INSERT INTO docente (id, usuario_id, departamento_id, titulacao, regime, salario) VALUES
  ('doc00000-0000-0000-0000-000000000001', 'a0000000-0000-0000-0000-000000000005', 'd1000000-0000-0000-0000-000000000001', 'doutor',       'clt',      9500.00),
  ('doc00000-0000-0000-0000-000000000002', 'a0000000-0000-0000-0000-000000000006', 'd1000000-0000-0000-0000-000000000002', 'mestre',       'contrato', 7200.00);

-- ============================================================
-- 10. FUNCIONÁRIOS
-- ============================================================
INSERT INTO funcionario (id, usuario_id, departamento_id, cargo, data_admissao, salario, regime) VALUES
  ('fun00000-0000-0000-0000-000000000001', 'a0000000-0000-0000-0000-000000000007', 'd1000000-0000-0000-0000-000000000005', 'Analista de RH', '2020-03-15', 4800.00, 'clt');

-- ============================================================
-- 11. DISCENTES
-- ============================================================
INSERT INTO discente (id, usuario_id, matricula, curso_id, semestres_inativos, status, ira) VALUES
  ('dis00000-0000-0000-0000-000000000001', 'a0000000-0000-0000-0000-000000000001', '2022001001', 'c0000000-0000-0000-0000-000000000001', 0, 'ativo',    8.75),
  ('dis00000-0000-0000-0000-000000000002', 'a0000000-0000-0000-0000-000000000002', '2022001002', 'c0000000-0000-0000-0000-000000000001', 0, 'ativo',    7.30),
  ('dis00000-0000-0000-0000-000000000003', 'a0000000-0000-0000-0000-000000000003', '2021002001', 'c0000000-0000-0000-0000-000000000002', 0, 'ativo',    9.10),
  ('dis00000-0000-0000-0000-000000000004', 'a0000000-0000-0000-0000-000000000004', '2020003001', 'c0000000-0000-0000-0000-000000000003', 2, 'trancado', 6.50);

-- ============================================================
-- 12. FORNECEDORES
-- ============================================================
INSERT INTO fornecedor (id, usuario_id, nome_empresa, cnpj, documentos_pendentes, status) VALUES
  ('for00000-0000-0000-0000-000000000001', 'a0000000-0000-0000-0000-000000000009', 'TechSupri LTDA',    '12.345.678/0001-90', false, 'aprovado'),
  ('for00000-0000-0000-0000-000000000002', 'a0000000-0000-0000-0000-000000000010', 'Papelaria Nobre ME','98.765.432/0001-10', true,  'pendente');

-- ============================================================
-- 13. SESSÕES
-- ============================================================
INSERT INTO sessao (id, usuario_id, refresh_token, expira_em, ip, user_agent) VALUES
  ('se000000-0000-0000-0000-000000000001', 'a0000000-0000-0000-0000-000000000001',
   'eyJhbGciOiJIUzI1NiIsInR5cCI6IkpXVCJ9.disc1',
   CURRENT_TIMESTAMP + INTERVAL '7 days',
   '177.75.10.1', 'Mozilla/5.0 (Windows NT 10.0) Chrome/124'),
  ('se000000-0000-0000-0000-000000000002', 'a0000000-0000-0000-0000-000000000008',
   'eyJhbGciOiJIUzI1NiIsInR5cCI6IkpXVCJ9.adm1',
   CURRENT_TIMESTAMP + INTERVAL '7 days',
   '200.150.20.5', 'Mozilla/5.0 (Macintosh) Safari/17');

-- ============================================================
-- 14. DISCIPLINAS
-- ============================================================
INSERT INTO disciplina (id, codigo, nome, carga_horaria, curso_id) VALUES
  ('di000000-0000-0000-0000-000000000001', 'BCC101', 'Algoritmos e Estruturas de Dados',  80, 'c0000000-0000-0000-0000-000000000001'),
  ('di000000-0000-0000-0000-000000000002', 'BCC102', 'Programação Orientada a Objetos',   60, 'c0000000-0000-0000-0000-000000000001'),
  ('di000000-0000-0000-0000-000000000003', 'BCC201', 'Banco de Dados',                    60, 'c0000000-0000-0000-0000-000000000001'),
  ('di000000-0000-0000-0000-000000000004', 'EEL101', 'Circuitos Elétricos I',             80, 'c0000000-0000-0000-0000-000000000002'),
  ('di000000-0000-0000-0000-000000000005', 'ADM101', 'Fundamentos de Administração',      60, 'c0000000-0000-0000-0000-000000000003');

-- ============================================================
-- 15. PRÉ-REQUISITOS
-- ============================================================
-- BCC102 requer BCC101; BCC201 requer BCC102
INSERT INTO pre_requisito (disciplina_id, pre_requisito) VALUES
  ('di000000-0000-0000-0000-000000000002', 'di000000-0000-0000-0000-000000000001'),
  ('di000000-0000-0000-0000-000000000003', 'di000000-0000-0000-0000-000000000002');

-- ============================================================
-- 16. GRADE CURRICULAR
-- ============================================================
INSERT INTO grade_curricular (id, curso_id, disciplina_id, periodo, obrigatoria) VALUES
  ('gr000000-0000-0000-0000-000000000001', 'c0000000-0000-0000-0000-000000000001', 'di000000-0000-0000-0000-000000000001', 1, true),
  ('gr000000-0000-0000-0000-000000000002', 'c0000000-0000-0000-0000-000000000001', 'di000000-0000-0000-0000-000000000002', 2, true),
  ('gr000000-0000-0000-0000-000000000003', 'c0000000-0000-0000-0000-000000000001', 'di000000-0000-0000-0000-000000000003', 3, true),
  ('gr000000-0000-0000-0000-000000000004', 'c0000000-0000-0000-0000-000000000002', 'di000000-0000-0000-0000-000000000004', 1, true),
  ('gr000000-0000-0000-0000-000000000005', 'c0000000-0000-0000-0000-000000000003', 'di000000-0000-0000-0000-000000000005', 1, true);

-- ============================================================
-- 17. TURMAS
-- ============================================================
INSERT INTO turma (id, disciplina_id, docente_id, horario, sala, semestre, ano, vagas) VALUES
  ('tu000000-0000-0000-0000-000000000001', 'di000000-0000-0000-0000-000000000001', 'doc00000-0000-0000-0000-000000000001', 'Seg/Qua 08:00-10:00', 'Bloco A - 101', '1', 2025, 40),
  ('tu000000-0000-0000-0000-000000000002', 'di000000-0000-0000-0000-000000000002', 'doc00000-0000-0000-0000-000000000001', 'Ter/Qui 10:00-12:00', 'Bloco A - 102', '1', 2025, 35),
  ('tu000000-0000-0000-0000-000000000003', 'di000000-0000-0000-0000-000000000003', 'doc00000-0000-0000-0000-000000000001', 'Sex 14:00-18:00',    'Lab Info - 01', '1', 2025, 30),
  ('tu000000-0000-0000-0000-000000000004', 'di000000-0000-0000-0000-000000000004', 'doc00000-0000-0000-0000-000000000002', 'Seg/Qua 14:00-16:00','Bloco B - 201', '1', 2025, 40);

-- ============================================================
-- 18. CALENDÁRIO ACADÊMICO
-- ============================================================
INSERT INTO calendario_academico (id, departamento_id, data_inicio, data_fim) VALUES
  ('ca000000-0000-0000-0000-000000000001', 'd1000000-0000-0000-0000-000000000001', '2025-02-03', '2025-06-27'),
  ('ca000000-0000-0000-0000-000000000002', 'd1000000-0000-0000-0000-000000000002', '2025-02-03', '2025-06-27'),
  ('ca000000-0000-0000-0000-000000000003', 'd1000000-0000-0000-0000-000000000003', '2025-02-10', '2025-07-04');

-- ============================================================
-- 19. MATRÍCULAS (semestre)
-- ============================================================
INSERT INTO matricula_semestre (id, discente_id, semestre, data_matricula, status) VALUES
  ('ms000000-0000-0000-0000-000000000001', 'dis00000-0000-0000-0000-000000000001', '2025.1', '2025-01-20 09:00:00', 'regular'),
  ('ms000000-0000-0000-0000-000000000002', 'dis00000-0000-0000-0000-000000000002', '2025.1', '2025-01-21 10:00:00', 'regular'),
  ('ms000000-0000-0000-0000-000000000003', 'dis00000-0000-0000-0000-000000000003', '2025.1', '2025-01-20 11:00:00', 'regular');

-- ============================================================
-- 20. MATRÍCULAS (disciplina)
-- ============================================================
INSERT INTO matricula_disciplina (id, matricula_id, turma_id, nota, faltas, status) VALUES
  -- Ana Lima (ms1): Algoritmos e POO
  ('md000000-0000-0000-0000-000000000001', 'ms000000-0000-0000-0000-000000000001', 'tu000000-0000-0000-0000-000000000001', 8.50, 2, 'regular'),
  ('md000000-0000-0000-0000-000000000002', 'ms000000-0000-0000-0000-000000000001', 'tu000000-0000-0000-0000-000000000002', 9.00, 0, 'regular'),
  -- Bruno Souza (ms2): Algoritmos
  ('md000000-0000-0000-0000-000000000003', 'ms000000-0000-0000-0000-000000000002', 'tu000000-0000-0000-0000-000000000001', 7.00, 5, 'regular'),
  -- Carla Mendes (ms3): Circuitos
  ('md000000-0000-0000-0000-000000000004', 'ms000000-0000-0000-0000-000000000003', 'tu000000-0000-0000-0000-000000000004', 9.20, 1, 'regular');

-- ============================================================
-- 21. AVALIAÇÕES
-- ============================================================
INSERT INTO avaliacao (id, turma_id, tipo, peso, nota_maxima, data, descricao) VALUES
  ('av000000-0000-0000-0000-000000000001', 'tu000000-0000-0000-0000-000000000001', 'Prova 1',  1.00, 10.00, '2025-03-20', 'Primeira avaliação: listas e recursão'),
  ('av000000-0000-0000-0000-000000000002', 'tu000000-0000-0000-0000-000000000001', 'Prova 2',  1.00, 10.00, '2025-05-15', 'Segunda avaliação: grafos e ordenação'),
  ('av000000-0000-0000-0000-000000000003', 'tu000000-0000-0000-0000-000000000001', 'Trabalho', 0.50, 10.00, '2025-06-10', 'Projeto prático em dupla'),
  ('av000000-0000-0000-0000-000000000004', 'tu000000-0000-0000-0000-000000000002', 'Prova 1',  1.00, 10.00, '2025-03-25', 'Avaliação: herança e polimorfismo'),
  ('av000000-0000-0000-0000-000000000005', 'tu000000-0000-0000-0000-000000000004', 'Prova 1',  1.00, 10.00, '2025-03-22', 'Circuitos em série e paralelo');

-- ============================================================
-- 22. TAREFAS
-- ============================================================
INSERT INTO tarefa (id, turma_id, titulo, descricao, prazo) VALUES
  ('ta000000-0000-0000-0000-000000000001', 'tu000000-0000-0000-0000-000000000001',
   'Lista 1 - Vetores e Matrizes',
   'Implementar as funções de ordenação BubbleSort, InsertionSort e SelectionSort em Java.',
   '2025-03-10'),
  ('ta000000-0000-0000-0000-000000000002', 'tu000000-0000-0000-0000-000000000001',
   'Lista 2 - Listas Encadeadas',
   'Criar uma lista duplamente encadeada com operações de inserção, remoção e busca.',
   '2025-04-05'),
  ('ta000000-0000-0000-0000-000000000003', 'tu000000-0000-0000-0000-000000000002',
   'Projeto Final - Sistema de Biblioteca',
   'Desenvolver um sistema de gerenciamento de biblioteca usando os padrões de design estudados.',
   '2025-06-20'),
  ('ta000000-0000-0000-0000-000000000004', 'tu000000-0000-0000-0000-000000000003',
   'Modelagem ER - Sistema de E-commerce',
   'Criar o modelo entidade-relacionamento de um sistema de e-commerce com pelo menos 8 entidades.',
   '2025-05-01');

-- ============================================================
-- 23. PEDIDOS E ITENS
-- ============================================================
INSERT INTO pedido (id, fornecedor_id, numero, criado_por, valor_total, status, prazo_entrega) VALUES
  ('pd000000-0000-0000-0000-000000000001',
   'for00000-0000-0000-0000-000000000001',
   'PED-2025-00001',
   'adm00000-0000-0000-0000-000000000001',
   12500.00, 'confirmado', '2025-04-15'),
  ('pd000000-0000-0000-0000-000000000002',
   'for00000-0000-0000-0000-000000000002',
   'PED-2025-00002',
   'adm00000-0000-0000-0000-000000000001',
   3200.00,  'enviado',    '2025-05-30');

INSERT INTO item_pedido (id, pedido_id, descricao, quantidade, valor_unitario) VALUES
  ('ip000000-0000-0000-0000-000000000001', 'pd000000-0000-0000-0000-000000000001', 'Notebook Dell Inspiron 15',      10,  1050.00),
  ('ip000000-0000-0000-0000-000000000002', 'pd000000-0000-0000-0000-000000000001', 'Mouse sem fio Logitech M185',    20,    75.00),
  ('ip000000-0000-0000-0000-000000000003', 'pd000000-0000-0000-0000-000000000001', 'Teclado USB ABNT2',              10,   100.00),
  ('ip000000-0000-0000-0000-000000000004', 'pd000000-0000-0000-0000-000000000002', 'Resma de papel A4 (500 folhas)', 50,    28.00),
  ('ip000000-0000-0000-0000-000000000005', 'pd000000-0000-0000-0000-000000000002', 'Caneta esferográfica azul (cx)', 20,    32.00),
  ('ip000000-0000-0000-0000-000000000006', 'pd000000-0000-0000-0000-000000000002', 'Pasta suspensa AZ',              30,    18.00);

-- ============================================================
-- 24. NOTIFICAÇÕES
-- ============================================================
INSERT INTO notificacao (id, titulo, mensagem) VALUES
  ('no000000-0000-0000-0000-000000000001',
   'Matrícula confirmada - 2025.1',
   'Sua matrícula no semestre 2025.1 foi confirmada. Bem-vindo(a)!'),
  ('no000000-0000-0000-0000-000000000002',
   'Nova tarefa disponível',
   'O professor Eduardo Rocha publicou uma nova tarefa na turma Algoritmos e Estruturas de Dados.'),
  ('no000000-0000-0000-0000-000000000003',
   'Pedido PED-2025-00001 confirmado',
   'O pedido de equipamentos de informática foi confirmado pelo fornecedor TechSupri LTDA.');

INSERT INTO usuario_notificacao (usuario_id, notificacao_id, lida) VALUES
  ('a0000000-0000-0000-0000-000000000001', 'no000000-0000-0000-0000-000000000001', true),
  ('a0000000-0000-0000-0000-000000000002', 'no000000-0000-0000-0000-000000000001', false),
  ('a0000000-0000-0000-0000-000000000001', 'no000000-0000-0000-0000-000000000002', false),
  ('a0000000-0000-0000-0000-000000000002', 'no000000-0000-0000-0000-000000000002', false),
  ('a0000000-0000-0000-0000-000000000008', 'no000000-0000-0000-0000-000000000003', true);

-- ============================================================
-- FIM DO DML
-- ============================================================
